phrase,phraseID,enter_log,enter_alllog,keystroke,TIME,CPM,VowelCnt,ConsCnt,TER,DeleteCnt,AveSpeed,AveRotationWhile
あしたはかいぎ,0,あしたはかいぎ,あ行あさ行した行たは行はか行かあ行いか行き,7,0m11.30s,37.16814159292035,7,8,0.0,0.0,[0.5275881290435791, 0.6413407921791077, 0.813664436340332, 0.9356124997138977, 0.6125675439834595, 0.8424445390701294, 1.0141136646270752],[30.0, 165.0, 135.0, 201.0, 81.0, 105.0, 150.0]
