phrase,phraseID,enter_log,enter_alllog,keystroke,TIME,CPM,VowelCnt,ConsCnt,TER,DeleteCnt,AveSpeed,AveRotationWhile
どうでもいいよ,9,どうでもいいよ,た行とあ行うた行てま行もあ行いあ行いや行よ,7,0m15.23s,27.57715036112935,7,9,1.0,0.0,[0.40013375878334045, 0.6878281235694885, 0.08250807225704193, -0.5212032794952393, 0.9321981072425842, 0.8339107036590576, -0.6993039846420288],[138.0, 201.0, 216.0, 180.0, 117.0, 126.0, 132.0]
ひさしぶり,7,ひさしぶり,は行ひさ行ささ行しは行ふら行り,5,0m11.60s,31.03448275862069,12,15,1.0,0.0,[0.9632744193077087, 0.5989991426467896, 0.7882212400436401, 0.8414381742477417, 0.1998416632413864],[291.0, 99.0, 192.0, 357.0, 186.0]
べんきょうする,12,べんきょう,は行へわ行んか行きや行よあ行う,5,0m12.80s,37.5,17,22,1.4,0.0,[0.134287491440773, -0.42250850796699524, 0.6848737597465515, -0.49729281663894653, 0.5205876231193542],[393.0, 90.0, 147.0, 135.0, 225.0]
ただいま,14,,,0,0m12.96s,27.777777777777775,17,22,inf,0.0,[],[]
