phrase,phraseID,enter_log,enter_alllog,keystroke,TIME,CPM,VowelCnt,ConsCnt,TER,DeleteCnt,AveSpeed,AveRotationWhile
こうぎのめも,45,ごうぎぎのめも,か行こあ行うか行きな行か行きな行のま行めま行も,7,0m23.4s,15.625,14,21,0.2857142857142857,2.0,[0.03262827545404434, 1.0795387029647827, 1.1740256547927856, 0.5741066336631775, 0.5483932495117188, -0.8148514032363892, -0.6857435703277588],[99.0, 207.0, 162.0, 660.0, 174.0, 228.0, 159.0]
